agent,seen,condition,episode_return_mean,episode_return_std,completion_rate_mean,completion_rate_std,num_completed_mean,num_completed_std,num_failed_mean,num_failed_std,w_latency_mean,w_latency_std,w_sla_mean,w_sla_std,w_rejection_mean,w_rejection_std,w_balance_mean,w_balance_std,w_energy_mean,w_energy_std,w_utilization_mean,w_utilization_std,m_on_time_rate_mean,m_on_time_rate_std,m_sla_violation_rate_mean,m_sla_violation_rate_std,m_rejection_rate_mean,m_rejection_rate_std,m_latency_mean_ms_mean,m_latency_mean_ms_std,m_latency_p95_ms_mean,m_latency_p95_ms_std,m_latency_p99_ms_mean,m_latency_p99_ms_std,m_throughput_tps_mean,m_throughput_tps_std,m_goodput_tps_mean,m_goodput_tps_std,m_util_cpu_fleet_mean,m_util_cpu_fleet_std,m_util_variance_servers_mean,m_util_variance_servers_std,m_util_std_servers_mean,m_util_std_servers_std,m_queue_mean_fill_mean,m_queue_mean_fill_std,m_jain_server_tasks_mean,m_jain_server_tasks_std,m_jain_server_tasks_per_core_mean,m_jain_server_tasks_per_core_std,m_jain_user_completion_mean,m_jain_user_completion_std,m_energy_per_task_j_mean,m_energy_per_task_j_std
ECT,False,burst_unseen,-546.0119606084717,23.14468315843765,0.08198959270204291,0.009062559607266879,14.5,2.1213203435596424,162.0,4.242640687119285,-8.405630506762712,0.6565322424464999,-521.25,15.90990257669732,0.0,0.0,-7.861601268006752,1.0529228628669316,-9.503870679710094,5.632299065921633,1.009141846007956,0.10697358949472155,0.08198959270204291,0.009062559607266879,0.9180104072979571,0.0090625596072669,0.0,0.0,1165.2431225673754,79.91651422083712,1795.8484864434881,5.476968934327693,1939.9473972169735,105.27047631301406,0.3876642721264235,0.1842211363149127,0.3876642721264235,0.1842211363149127,0.04492367178187283,0.006743909026562176,0.0001330521769481665,0.00017283169372892126,0.00963480836458125,0.008969129804608882,0.0,0.0,0.6615231259968102,0.11271981304560674,0.8652597402597403,0.1905515027223488,0.5644732043201266,0.19420213263170055,26.6528220012287,14.994515650919967
ECT,False,heavy_unseen,-618.9805238654728,61.29753886868319,0.04455314209915437,0.03243006726516316,7.5,4.949747468305833,166.5,20.506096654409877,-5.109077032983671,3.6110457702974545,-593.25,54.09366876077089,-5.0,7.0710678118654755,-7.624706578435442,0.7641634554423643,-8.451295702006538,2.8566168499184363,0.454555447952819,0.1230677609836869,0.041485657436577686,0.028091988852975758,0.9531089371580169,0.020447591218526576,0.005405405405405406,0.007644397634449163,1335.508882620199,81.55464399275036,2043.2686051220242,453.1745233491043,2269.02964293009,769.9339989591871,0.22940374097825061,0.20759700423110397,0.21230387777715623,0.18341414577739165,0.03360492955775873,0.01207037986808931,0.0008549662223665984,0.00046931671181997607,0.02866094082501787,0.00818739194022399,0.0,0.0,0.6083333333333334,0.08249579113843045,0.6932288728590803,0.2251501590083407,0.24737039028481964,0.1323196694005153,24.014362254104093,6.061681725590679
ECT,False,normal_unseen,-90.3156539355052,19.729002375742716,0.5510204081632653,0.028861501272920222,23.0,4.242640687119285,19.0,5.656854249492381,-11.422278457387236,5.365899881995322,-75.75,13.788582233137676,0.0,0.0,-0.8848487897579551,0.5105309999181826,-2.4885254107044763,0.19687287340964466,0.22999872234449092,0.13288361271809973,0.5510204081632653,0.028861501272920222,0.4489795918367347,0.02886150127292034,0.0,0.0,966.6523536104826,288.2887460114433,1603.9305910044538,403.9805654195901,1880.5059102226264,770.9140305419962,2.1948529411764706,0.27556367208005156,2.1948529411764706,0.27556367208005156,0.06595086104358966,0.012067373996659306,0.0012138789263950287,0.00039929437672898423,0.03460104941960979,0.005769974949122328,0.0,0.0,0.46963659147869674,0.13250720308099792,0.5770682747867911,0.1316109797242966,0.8030316925466313,0.052773111800233065,30.187637388586158,4.771569685041788
ECT,False,unseen_congested,-514.3314847728318,25.183728593570383,0.00423728813559322,0.0059924303490385385,0.5,0.7071067811865476,116.0,1.4142135623730951,-0.729204806002714,1.0312513263966798,-435.0,16.97056274847714,-33.0,15.556349186104045,-5.662865122860241,0.4912908420506686,-40.05196443032017,5.979810324021007,0.11254958635134191,0.1591691514575495,0.00423728813559322,0.0059924303490385385,0.9356669123065586,0.004898160459214191,0.0600957995578482,0.0010942698898244296,2916.819224010856,,2916.819224010856,,2916.819224010856,,0.002420838578483587,0.003423582750007493,0.002420838578483587,0.003423582750007493,0.010237316029632314,0.014477751171405503,9.529558143353675e-05,0.00013476830369753737,0.006902737914535679,0.009761945576243332,0.0,0.0,0.25,,0.25,,0.06666666666666667,,171.69164736502626,22.538130280135654
ECT,False,unseen_normal,-477.90105653173725,27.901098097663823,0.02553426676492262,0.023813397126179234,3.0,2.8284271247461903,113.5,0.7071067811865476,-3.596121195161616,3.247872702155665,-454.5,33.94112549695428,0.0,0.0,-7.417035568591533,2.8111951693441446,-13.4803449151993,1.1091839630940739,1.092445147215208,1.1282244353033761,0.02553426676492262,0.023813397126179234,0.9744657332350775,0.02381339712617931,0.0,0.0,2729.8472152228446,184.96562701609875,3794.724837539674,1690.930002764173,4005.67179685272,1989.2540535660485,0.04830405959214512,0.04403391177446759,0.04830405959214512,0.04403391177446759,0.10403467798801591,0.0929799216855695,0.005151176145616813,0.006616144187854859,0.06044453181156199,0.05472905480086212,0.00036041666666666665,0.000509706138105303,0.4722222222222222,0.31426968052735443,0.4886363636363636,0.3374827819299431,0.18702848553992135,0.17021731664245077,57.821802334852165,3.7075829695521954
ECT,False,unseen_unseen,-494.6914265171595,32.745270544474856,0.012822402358142963,0.005836106079063619,1.5,0.7071067811865476,115.0,1.4142135623730951,-1.9470927389124295,0.632284615008491,-439.5,16.97056274847714,-25.0,15.556349186104045,-6.478201603772218,0.9658129894611651,-22.192337747346308,1.5081940613856588,0.42620557287142247,0.3082621529777473,0.012822402358142963,0.005836106079063619,0.9484893146647015,0.0009379456198495502,0.038688282977155486,0.006774051698913128,3021.6211219490992,887.3279974367994,3121.806307732798,745.6447489526246,3130.711657580238,733.0506824206977,0.014876430513501529,0.007968084150738663,0.014876430513501529,0.007968084150738663,0.040816853301301144,0.02254352584630755,0.0013964572626760246,0.0016095443571865393,0.03320873223369237,0.02423375192193507,0.00030416666666666667,0.00043015662522181644,0.25,0.0,0.25,0.0,0.1,0.04714045207910316,95.32081904709179,8.208609642078914
ECT,False,variable_unseen,-234.60724887878786,5.059870383430063,0.25017717930545713,0.0210478276469419,21.0,1.4142135623730951,63.0,2.8284271247461903,-12.835030554257937,0.026693191628812625,-216.75,5.303300858899107,0.0,0.0,-2.903977171049454,0.31229743078885097,-2.9315589025067483,0.1787857070899855,0.8133177490262464,0.22095947078088826,0.25017717930545713,0.0210478276469419,0.7498228206945429,0.02104782764694182,0.0,0.0,1225.2478026192225,85.05468776140752,1881.9281306374903,202.6416580625482,2364.5900409303076,264.62896996885786,1.7180715148693584,0.014325396339687067,1.7180715148693584,0.014325396339687067,0.07955713439469184,0.0042242293637439485,0.0007073188302617487,0.0004905395581840661,0.025726915741322093,0.009533586596938445,0.0,0.0,0.6563431247339293,0.055238013770852065,0.8359954514588745,0.1584845363543692,0.6443061267886391,0.009648351804476011,17.461188405133193,1.3581750357462392
ECT,True,burst_congested,-572.6656197390438,26.857797385932844,0.033871900295515865,0.006791241409956884,6.0,1.4142135623730951,170.5,4.949747468305833,-3.423181601886106,0.7891093582498244,-540.75,18.031222920256962,0.0,0.0,-8.310877170255846,2.2040340693548326,-20.643169525906373,5.8476052444734945,0.46160855900455866,0.014174206402320968,0.033871900295515865,0.006791241409956884,0.9661280997044841,0.006791241409956857,0.0,0.0,1141.777430457167,6.083068477396976,1896.242796768723,28.021664964270023,2060.061621244573,94.17807319113092,0.06288707055123971,0.0030994961282559803,0.06288707055123971,0.0030994961282559803,0.022781134018360148,0.005827094562247956,0.00013932417878832006,5.998485309549204e-05,0.011662651925853789,0.002571664381173784,0.0,0.0,0.5290909090909091,0.05528289380185735,0.5722222222222222,0.1728483242900449,0.2529645892258856,0.17180157476739982,58.21843208552554,14.466304754545252
ECT,True,burst_normal,-494.8900639797011,38.78443959487492,0.2165938584093537,0.07190993412683441,38.0,11.313708498984761,138.5,17.67766952966369,-19.056180939383108,4.638357509980496,-465.0,42.42640687119285,0.0,0.0,-9.021260784155913,0.2689884987901566,-3.970301293751954,0.3195901984995364,2.157679037589916,0.4078115363730866,0.21077990492098164,0.06368776225257226,0.7892200950790184,0.06368776225257224,0.0,0.0,1011.4440047906667,57.01230561279884,1880.3764312710318,317.2289278917521,2457.1523842267084,190.85329579387658,2.3689187426633627,0.9983606242786457,2.302073822877266,0.9038276321414064,0.1071847663779878,0.03297124986534993,0.0006417037889155106,7.792479915852218e-05,0.02530847206717413,0.001539500269943064,0.0,0.0,0.5896332985749044,0.07625299925725634,0.850912059109785,0.013190155982373263,0.7156091522421271,0.036181721058247664,11.238295781875571,0.5001417724797148
ECT,True,heavy_congested,-632.5964265175119,57.014320448426346,0.011905156690432765,0.009192036419337643,2.0,1.4142135623730951,172.0,16.97056274847714,-1.0634678437711778,1.2344124805349344,-604.5,46.66904755831214,-4.0,5.656854249492381,-7.186331160408843,0.4006111091914975,-16.045566950994846,5.401798213317915,0.19893943766305616,0.1204217986475185,0.011905156690432765,0.009192036419337643,0.9799867352014591,0.002274560032336059,0.008108108108108109,0.011466596451673744,836.0495011831977,643.2362088406649,1149.83104576926,1086.9903248166522,1180.4163927323802,1130.2445373017836,0.031762143596392456,0.02967086866591339,0.031762143596392456,0.02967086866591339,0.01026420505956432,0.007717685504862548,5.948316105695515e-05,5.535820194143387e-05,0.007220503528231613,0.0038334031501395687,0.0,0.0,0.25,0.0,0.25,0.0,0.129947266167083,0.08949228204858886,45.59629447609816,11.445903610323828
ECT,True,heavy_normal,-557.3107797148067,91.8782491927832,0.17982092521969822,0.1014172385551921,30.5,14.849242404917497,143.5,30.405591591021544,-18.38428823529016,6.340372130579746,-528.0,97.58073580374356,0.0,0.0,-9.133106242898165,0.010316710794610077,-4.210571978288059,0.027521215656702572,2.417186741669767,0.675723446070524,0.17982092521969822,0.1014172385551921,0.8201790747803017,0.10141723855519214,0.0,0.0,1252.794950790656,194.1741523536935,2036.7779423963025,401.9638583486186,2355.74737725476,150.5367499136099,1.8582264279967526,0.9892110994306919,1.8582264279967526,0.9892110994306919,0.14717910033988973,0.04300021558503604,0.002772129804441859,0.0022309126419976554,0.05025759273592911,0.022194782126947928,0.000625,0.0006187184335382292,0.7833769633507854,0.0706489759562475,0.9652771362586605,0.00746299766748845,0.6822858768961739,0.16049336358800387,12.151444023255072,1.1654753687902555
ECT,True,normal_congested,-110.14749615770924,15.933323789734118,0.32857142857142857,0.06060915267313267,13.5,0.7071067811865476,28.5,9.192388155425117,-7.268032588787937,1.7190490096395643,-99.75,13.788582233137676,0.0,0.0,-0.8007423816334158,0.2959397150245738,-2.481603998525853,0.18719967132804297,0.15288281123795644,0.05744683939572711,0.32857142857142857,0.06060915267313267,0.6714285714285715,0.060609152673132625,0.0,0.0,1071.5457620075063,198.54820330458625,1686.5756985533783,252.32536347879062,1971.605298752746,382.179366086758,1.2494212069763853,0.03019491837139649,1.2494212069763853,0.03019491837139649,0.04169171859161376,0.0003120068376078886,0.000455307278079184,3.721006905325388e-05,0.02132901393042568,0.0008722876072619095,0.0,0.0,0.596719070403281,0.06790738397587825,0.7160633484162895,0.006399156390828579,0.6061937237077767,0.026749409893317144,30.116844559435034,4.870040822829197
ECT,True,normal_normal,-49.978634705743005,9.404513995762082,0.8326530612244898,0.005772300254584091,35.0,8.48528137423857,7.0,1.4142135623730951,-12.283788148208012,4.648639401016741,-34.5,4.242640687119285,0.0,0.0,-1.0152171486054744,0.5218881268962727,-2.5278317107477832,0.18636049693055398,0.34820230181826317,0.19501471620075714,0.8183673469387756,0.025975351145628274,0.1816326530612245,0.025975351145628302,0.0,0.0,690.00854251435,98.3532048048847,1027.4728322563367,232.0279008152494,1194.6033786212151,320.0485354208136,3.3658878504672898,0.6588649166756898,3.3158878504672895,0.7295755947943448,0.08115808698767835,0.01769637973433064,0.002409194164744147,0.0008174761797717511,0.048723787793866484,0.008388881661152973,0.0,0.0,0.4363298080689385,0.08131866469109687,0.5156357327774939,0.06152818815646067,0.9163971493839009,0.062418409191843556,30.684109170126142,5.013736545210148
ECT,True,variable_congested,-263.76960874388294,1.4559128789185696,0.07717930545712261,0.023954432417233856,6.5,2.1213203435596424,77.5,0.7071067811865476,-4.802436006087155,1.3498203820369556,-252.75,3.181980515339464,0.0,0.0,-2.4296591164220396,0.5465140038206646,-4.119733664825492,0.09668828131242518,0.3322200434516729,0.0735784681243064,0.07717930545712261,0.023954432417233856,0.9228206945428774,0.023954432417233874,0.0,0.0,1489.2066660641644,70.68363575578928,1787.8817560788689,14.201339855058135,1816.427899905925,44.703279604475206,0.3505858328206045,0.1261708395577975,0.3505858328206045,0.1261708395577975,0.031717235261935414,0.009363304779863165,0.0008132692075032504,0.0008109180798119174,0.02636280604387139,0.015379965214295402,0.0,0.0,0.6549145299145299,0.055903741247654355,0.628434852301351,0.1397778632606566,0.3916366338398089,0.1449444530766511,24.530545484388277,0.988518699674341
ECT,True,variable_normal,-160.56961361144278,4.624688490935187,0.607512402551382,0.04389975480647878,51.0,2.8284271247461903,33.0,4.242640687119285,-21.938690540888025,0.5277629472453174,-133.5,4.242640687119285,0.0,0.0,-3.716400513067787,0.40319365087623044,-2.863707162759755,0.01910324332307553,1.4491846052727766,0.23837526412375115,0.6014883061658398,0.03538039599700236,0.3985116938341602,0.035380395997002295,0.0,0.0,862.2407293823655,68.51590120660087,1508.2902583311084,109.86842219024716,1804.256299205337,267.68922948485596,4.932676546504956,0.3509570616622428,4.883800691177488,0.28183616418555196,0.15693661821522153,0.0036998106263255704,0.0028239213636574298,0.0007975916963802728,0.052872258653748005,0.007542629317233952,1.25e-05,1.767766952966369e-05,0.553597526455286,0.016074334332253564,0.7783499846997897,0.035022414867864365,0.8447191533727036,0.0624103862077989,17.04733477242544,0.17329702828501173
FIFO,False,burst_unseen,-640.7959281928847,28.40261266307919,0.011338815366825131,0.00040883727551579925,2.0,0.0,174.5,6.363961030678928,-0.8498555555385605,0.29484934733694373,-550.5,23.33452377915607,0.0,0.0,-45.91138307177338,1.4059625246107577,-43.58609658095498,3.3328025391428766,0.051407015382272506,0.03447447283255772,0.011338815366825131,0.00040883727551579925,0.9886611846331749,0.00040883727551583357,0.0,0.0,849.8555555385606,294.84934733694377,1017.5456639380568,154.7308240905476,1032.4514513513454,142.27584424642345,0.009852426986221926,0.0007528257504212533,0.009852426986221926,0.0007528257504212533,0.0038684008890402244,0.0007225758927837183,0.00012061516848691951,4.428665955012778e-05,0.01088793368627621,0.002033749507766992,0.0,0.0,0.25,0.0,0.25,0.0,0.1328735632183908,0.000650213132125557,123.38335368427225,4.992602917225235
FIFO,False,heavy_unseen,-703.6609111301312,56.55154413934436,0.00577018736527939,0.0005158795949628265,1.0,0.0,173.0,15.556349186104045,-0.2946699408211371,0.11181272039966493,-609.0,48.79036790187178,0.0,0.0,-45.31084723191624,4.812438321079922,-49.08029440276591,3.0701713008047222,0.024900445372110475,0.009620664012348358,0.00577018736527939,0.0005158795949628265,0.9942298126347207,0.0005158795949628409,0.0,0.0,589.3398816422742,223.62544079932982,589.3398816422742,223.62544079932982,589.3398816422742,223.62544079932982,0.0043694527293326015,0.000273248007514277,0.0043694527293326015,0.000273248007514277,0.0016681350375221927,0.00010683744223581829,2.2089210669235046e-05,2.8236617287937637e-06,0.0046951037881706615,0.00030070280191760526,0.0,0.0,0.25,0.0,0.25,0.0,0.06666666666666667,0.0,141.20528764173486,3.80202937400418
FIFO,False,normal_unseen,-142.4180646934675,19.919225635835005,0.01020408163265306,0.014430750636460153,0.5,0.7071067811865476,41.5,9.192388155425117,-0.24968024582871456,0.3531011899076165,-129.0,14.849242404917497,0.0,0.0,-4.2985032131034675,2.404766927700484,-8.880879590883566,2.3276691380209336,0.010998356348258097,0.015554024711518828,0.01020408163265306,0.014430750636460153,0.9897959183673469,0.01443075063646017,0.0,0.0,998.7209833148582,,998.7209833148582,,998.7209833148582,,0.010187449062754686,0.014407228630532752,0.010187449062754686,0.014407228630532752,0.0039015749677595154,0.0011187236428938207,0.000125546338616901,6.915454905013498e-05,0.010981304869759876,0.003148740057321036,0.0,0.0,0.25,,0.25,,0.07142857142857142,,105.38646308866967,2.8705193161135227
FIFO,False,unseen_congested,-609.6699663404102,25.70386153417765,0.0,0.0,0.0,0.0,116.5,2.1213203435596424,0.0,0.0,-461.25,26.516504294495533,0.0,0.0,-21.96883952067874,1.0598659307644216,-126.49969226066216,0.1785412652196049,0.04856544093074082,0.0686819052268831,0.0,0.0,1.0,0.0,0.0,0.0,,,,,,,0.0,0.0,0.0,0.0,0.007657303732243808,0.010829062789349312,0.0001537361454909439,0.00021741574198025623,0.008767443911738013,0.01239903808732532,0.0,0.0,,,,,,,543.0141311708246,10.653884600024421
FIFO,False,unseen_normal,-530.3231326925047,29.16138659429548,0.00847457627118644,0.011984860698077077,1.0,1.4142135623730951,115.5,0.7071067811865476,-1.2065334357619644,1.7062959483111775,-458.25,30.759144981614817,0.0,0.0,-21.86960236636088,1.4992207543979805,-49.48033406298771,1.1095145441201955,0.48333717260576625,0.4982437712696677,0.00847457627118644,0.011984860698077077,0.9915254237288136,0.011984860698077044,0.0,0.0,2431.4764835293568,,2976.284949962706,,3024.712369201226,,0.0044210619390777665,0.006252325754335272,0.0044210619390777665,0.006252325754335272,0.03942000296567162,0.03057704177355271,0.0024892941072496384,0.003015859168135003,0.04343605684318114,0.03471607907484874,0.00018333333333333334,0.0002592724864350674,0.5,,0.45,,0.12930648769574943,,212.44052086311817,8.630143096681863
FIFO,False,unseen_unseen,-565.2761927078739,27.369809972987266,0.00423728813559322,0.0059924303490385385,0.5,0.7071067811865476,116.0,1.4142135623730951,-0.75,1.0606601717798212,-459.75,28.637824638055175,0.0,0.0,-21.986720319536808,1.4855031912056202,-82.99686228840463,0.9848550885425139,0.2073899000676346,0.2932936093748497,0.00423728813559322,0.0059924303490385385,0.9957627118644068,0.005992430349038522,0.0,0.0,3726.819224010856,,3726.819224010856,,3726.819224010856,,0.001303339154914892,0.0018431999092525285,0.001303339154914892,0.0018431999092525285,0.02134756936184116,0.03019002211521613,0.0010248420103389788,0.0014493454703110916,0.022636718074170767,0.03201315370810847,0.0,0.0,0.25,,0.25,,0.06666666666666667,,356.3072606177793,10.714758667620314
FIFO,False,variable_unseen,-305.54164624518404,4.94373710020774,0.0,0.0,0.0,0.0,84.0,1.4142135623730951,0.0,0.0,-269.25,5.303300858899107,0.0,0.0,-17.255876194262765,0.879144254250766,-19.051478811241257,0.5329186509246732,0.015708760319961938,0.013338155365304487,0.0,0.0,1.0,0.0,0.0,0.0,,,,,,,0.0,0.0,0.0,0.0,0.0012450487015355806,1.6920103366519785e-05,1.2281198952675186e-05,3.3377002600784135e-07,0.003504292364555587,4.7623027887710006e-05,0.0,0.0,,,,,,,113.444440151393,5.082071325003061
FIFO,True,burst_congested,-667.3399003368545,30.42273348029614,0.0029069767441860465,0.00411108593713109,0.5,0.7071067811865476,176.0,7.0710678118654755,-0.2719438585289527,0.3845866929357152,-555.0,25.45584412271571,0.0,0.0,-45.995622603677774,1.3654836933804475,-66.12188972180586,3.9369332336698686,0.049555847158196734,0.049059123465868416,0.0029069767441860465,0.00411108593713109,0.997093023255814,0.004111085937131097,0.0,0.0,1087.7754341158109,,1087.7754341158109,,1087.7754341158109,,0.001689702950221351,0.002389600828584865,0.001689702950221351,0.002389600828584865,0.003289011864630893,0.00048009317526626294,8.660862177335566e-05,2.5017790619893197e-05,0.009257195441386031,0.001351261879383385,0.0,0.0,0.25,,0.25,,0.06666666666666667,,187.2347791831396,4.401766450570347
FIFO,True,burst_normal,-620.9659236848438,24.864475281098372,0.0170082230502377,0.0006132559132737001,3.0,0.0,173.5,6.363961030678928,-1.6162341557867193,0.04669331252113539,-548.25,22.273863607376246,0.0,0.0,-45.75724386126525,0.9564092060279624,-25.459904100880422,1.5534707109261996,0.11745843308863738,0.03403844424682759,0.0170082230502377,0.0006132559132737001,0.9829917769497623,0.0006132559132737897,0.0,0.0,1077.489437191146,31.128875014090276,1760.0992702671522,277.2011608788757,1842.2256144504843,305.4116773942671,0.025307885795288483,0.0015400030289606564,0.025307885795288483,0.0015400030289606564,0.00926030361915433,0.0008735711336387368,0.0006823490108674204,0.00012816855321014787,0.026063889088070037,0.0024587380796677254,0.0,0.0,0.25,0.0,0.25,0.0,0.15660755407799523,0.0595310341083024,72.0918983726082,1.8013899353663272
FIFO,True,heavy_congested,-731.3461412723171,58.21975194041195,0.00577018736527939,0.0005158795949628265,1.0,0.0,173.0,15.556349186104045,-0.3571699408211371,0.12241932211746316,-609.0,48.79036790187178,0.0,0.0,-45.303601553567944,4.6626804983777825,-76.70234440276636,4.887534723400422,0.016974624838420632,0.0015881388793309841,0.00577018736527939,0.0005158795949628265,0.9942298126347207,0.0005158795949628409,0.0,0.0,714.3398816422742,244.83864423492625,714.3398816422742,244.83864423492625,714.3398816422742,244.83864423492625,0.0027959696083857235,0.00017812942637921976,0.0027959696083857235,0.00017812942637921976,0.0016681350375221927,0.00010683744223581829,2.2089210669235046e-05,2.8236617287937637e-06,0.0046951037881706615,0.00030070280191760526,0.0,0.0,0.25,0.0,0.25,0.0,0.06666666666666667,0.0,220.66310442170672,5.6835916274344855
FIFO,True,heavy_normal,-682.7549743846606,55.61504038620886,0.00577018736527939,0.0005158795949628265,1.0,0.0,173.0,15.556349186104045,-0.24466994082113713,0.09767058477593397,-609.0,48.79036790187178,0.0,0.0,-44.8530275523791,5.356458843002496,-28.690291312,1.5752387992879198,0.033014420539660486,0.00935457317731996,0.00577018736527939,0.0005158795949628265,0.9942298126347207,0.0005158795949628409,0.0,0.0,489.33988164227424,195.34116955186795,489.33988164227424,195.34116955186795,489.33988164227424,195.34116955186795,0.007472564939892812,0.0004104115871569562,0.007472564939892812,0.0004104115871569562,0.0019139719616968812,0.00024082847006411242,2.924984278128701e-05,7.303001319234426e-06,0.005387032108122065,0.0006778316123477005,0.0,0.0,0.25,0.0,0.25,0.0,0.06666666666666667,0.0,82.57101982890713,2.8556564222255383
FIFO,True,normal_congested,-147.88929588154522,21.43928338724886,0.01020408163265306,0.014430750636460153,0.5,0.7071067811865476,41.5,9.192388155425117,-0.29218024582871455,0.41320526630847304,-129.0,14.849242404917497,0.0,0.0,-4.875054999479427,2.641442331671274,-13.736725111368099,3.556132083966989,0.014664475131010796,0.020738699615358437,0.01020408163265306,0.014430750636460153,0.9897959183673469,0.01443075063646017,0.0,0.0,1168.7209833148581,,1168.7209833148581,,1168.7209833148581,,0.006593696426216537,0.009324894912126435,0.006593696426216537,0.009324894912126435,0.002346316020961727,0.0033181919384573494,8.722299460007458e-05,0.0001233519419142207,0.006603900158242649,0.009339325168344584,0.0,0.0,0.25,,0.25,,0.07142857142857142,,163.07303174865405,3.8982235688042906
FIFO,True,normal_normal,-131.6974920179079,23.613064481424363,0.10204081632653061,0.05772300254584062,4.0,1.4142135623730951,38.0,11.313708498984761,-2.4402006276182577,0.20833005049293152,-120.75,20.152543263816604,0.0,0.0,-3.621219703817218,2.218385719660684,-4.943781875353178,1.4613519984046044,0.05771018888074807,0.010886449964589553,0.10204081632653061,0.05772300254584062,0.8979591836734694,0.05772300254584068,0.0,0.0,1281.798789205939,349.01928273564715,1726.1088533519955,576.5135377535345,1759.7040629681765,605.437286033398,0.1935645825205133,0.1201896966258789,0.1935645825205133,0.1201896966258789,0.0139787390815663,0.0007338906901308397,0.001550108486720327,0.00016253891566146608,0.039344315261909985,0.0020655959390761492,0.0,0.0,0.25,0.0,0.25,0.0,0.22712965643063265,0.04134790606704118,58.427263968054405,3.6256094140589177
FIFO,True,variable_congested,-316.7366633510048,5.566175953664062,0.0,0.0,0.0,0.0,84.0,1.4142135623730951,0.0,0.0,-269.25,5.303300858899107,0.0,0.0,-17.875483351007517,0.5996537569261471,-29.611179999997294,0.862528851691119,0.0,0.0,0.0,0.0,1.0,0.0,0.0,0.0,,,,,,,0.0,0.0,0.0,0.0,0.0,0.0,0.0,0.0,0.0,0.0,0.0,0.0,,,,,,,176.3252317505154,8.102689999710902
FIFO,True,variable_normal,-292.7520726791282,2.0525081307690742,0.02381289865343728,0.00040091100279889414,2.0,0.0,82.0,1.4142135623730951,-1.5520808220832865,0.4544393176634174,-264.0,2.1213203435596424,0.0,0.0,-16.22580534929304,0.9456592774913494,-11.021150928644573,0.4234147767835488,0.04696442089270374,0.0010070297461906308,0.02381289865343728,0.00040091100279889414,0.9761871013465627,0.00040091100279884996,0.0,0.0,1552.0808220832864,454.4393176634173,2209.7888417721842,491.02596080200186,2268.2517768556418,494.278106858765,0.038983335269591704,0.0014604175217164026,0.038983335269591704,0.0014604175217164026,0.0072625461054937925,0.0023281783388935566,0.0004393058600546515,0.0002678940869284182,0.02044103562641843,0.006552850154573045,0.0,0.0,0.25,0.0,0.25,0.0,0.13118699186991867,0.0007358509592835852,65.63260648235735,3.625308459678799
Greedy,False,burst_unseen,-545.8297106848327,20.960630189615923,0.07660927662854941,0.006768528227983795,13.5,0.7071067811865476,163.0,7.0710678118654755,-8.500044644436676,0.8992725890612199,-526.5,21.213203435596427,0.0,0.0,-2.3113744943503605,0.5074483024051275,-9.48856302767107,0.8881425062407632,0.9702714816253881,0.266005139245078,0.07384684568932288,0.010675195527356981,0.9261531543106771,0.010675195527356922,0.0,0.0,1257.5017783182961,67.359788394032,2193.985675537504,207.53019691472502,2322.172344323076,383.89219015338085,0.3127264623131656,0.0475695115972542,0.3019922416175881,0.06274999208644587,0.047334034697635086,0.010238980086836503,0.0007302823031175753,0.00036442461264394975,0.026585617681263874,0.006853792471799078,0.00016875,0.0002386485386504598,0.6962121212121213,0.06535380856421123,0.7037161438557547,0.05304987495203722,0.4906180705319019,0.058357358540600396,26.85187784649623,1.5478014102250908
Greedy,False,heavy_unseen,-609.2434288374168,60.24812092085424,0.04725584480185707,0.02860786844793858,8.0,4.242640687119285,166.0,19.79898987322333,-5.227604320573811,2.36133651384597,-592.5,61.518289963229634,0.0,0.0,-2.2120521756352773,0.5940256568157424,-9.929237286597317,0.4395139204422532,0.6254649453895748,0.05762789421258299,0.04418836013928039,0.024269790035751176,0.9558116398607197,0.02426979003575116,0.0,0.0,1338.6066683555937,119.56926094033663,1965.5317373744717,367.5413101642285,2016.342284482007,427.26076825656327,0.17771680768323123,0.10158221320982058,0.166373794979057,0.08554077080540708,0.040780740392077075,0.01144529502458148,0.0006120869336410089,0.00018046543283982593,0.024604106968525094,0.003667384332840998,0.0,0.0,0.603578154425612,0.12850433970715977,0.6994989834446703,0.039278005199514056,0.21941986602383037,0.03746597282487688,28.59009570317785,1.2931066195496617
Greedy,False,normal_unseen,-96.91862521837469,17.62091761842113,0.47551020408163264,0.09524295420063698,19.5,0.7071067811865476,22.5,9.192388155425117,-9.613029984399521,2.180794440899051,-84.0,14.849242404917497,0.0,0.0,-0.830941660596498,0.24513185252708394,-2.6801910301868466,0.4904920873487215,0.20553745680820212,0.14474316727121736,0.46122448979591835,0.07503990330959276,0.5387755102040817,0.07503990330959277,0.0,0.0,982.5424075106516,188.04238372533132,1697.7149403055805,489.54942897019055,1786.8762878334564,494.62244366638913,1.7227975270479134,0.2506021405348922,1.6727975270479134,0.1798914624162375,0.055105089995010265,0.009651397941408879,0.0004694456039518602,8.512075593771455e-05,0.021621940881269796,0.0019683884163112122,0.0,0.0,0.6804064999493773,0.11030421920757033,0.9009058866513358,0.09841654699142646,0.6849223632182516,0.011034112888458061,32.11084877558868,1.7294081235686274
Greedy,False,unseen_congested,-507.21859623953884,30.196337662806968,0.004347826086956522,0.006148754619013457,0.5,0.7071067811865476,116.0,2.8284271247461903,-0.75,1.0606601717798212,-460.5,25.45584412271571,0.0,0.0,-4.759109978656262,0.5915529391539258,-41.46228459558028,4.061533332589906,0.2527983346976667,0.20985297487545915,0.004347826086956522,0.006148754619013457,0.9956521739130435,0.0061487546190134214,0.0,0.0,3019.0567660733395,,3019.0567660733395,,3019.0567660733395,,0.0024169768453618213,0.0034181214346524266,0.0024169768453618213,0.0034181214346524266,0.028646292147398292,0.018785175672653465,0.0006252866757586542,0.0005904820052405169,0.02335318274568521,0.012642431048282183,0.0,0.0,0.25,,0.25,,0.06666666666666667,,178.13795364875963,20.675144474936946
Greedy,False,unseen_normal,-475.112477457473,33.93022877037582,0.03846720707442889,0.017508318237190863,4.5,2.1213203435596424,112.0,0.0,-5.5513892693364895,2.627203896877759,-449.25,37.123106012293746,0.0,0.0,-5.912167307534416,1.647716263071806,-15.875426057314568,0.3399141210407191,1.4765051767124586,0.7421287969909621,0.03846720707442889,0.017508318237190863,0.9615327929255711,0.017508318237190873,0.0,0.0,2721.2733218643334,0.12138845883471885,3876.235136890268,313.039023522293,4066.4081376738286,444.1344244805006,0.06375373797857428,0.031771080406932974,0.06375373797857428,0.031771080406932974,0.13091215302208375,0.034863971088395423,0.006741797302572048,0.00214184314614236,0.08158210166569466,0.013126918174522875,0.0,0.0,0.44642857142857145,0.277791949751858,0.5,0.3535533905932738,0.2506441259548579,0.17230773802147403,68.1594572235505,2.699957971971333
Greedy,False,unseen_unseen,-490.5106429241932,30.94763895787022,0.017059690493736183,0.011828536428102158,2.0,1.4142135623730951,114.5,0.7071067811865476,-2.5601521244280505,1.9454257517981093,-455.25,32.88046532517446,0.0,0.0,-4.8306302010887,1.1825249099532578,-28.427394138621217,0.59649861897855,0.5575335399447594,0.5986256754686422,0.017059690493736183,0.011828536428102158,0.9829403095062639,0.011828536428102264,0.0,0.0,2641.0102833233277,384.60035242999925,3018.6230561450666,918.6254570798123,3042.0750072626915,951.7915244144684,0.015344201406004152,0.011186160451855817,0.015344201406004152,0.011186160451855817,0.04974273402614912,0.04862004989539862,0.0015262552863303932,0.0018646440335835137,0.033874952148483,0.027522460037881075,0.0,0.0,0.35,0.14142135623730953,0.3653846153846153,0.1631784879661263,0.12222222222222223,0.07856742013183861,122.04952466754031,4.782450206766626
Greedy,False,variable_unseen,-234.00261472164433,3.1016723164574875,0.22019844082211198,0.004710704282886997,18.5,0.7071067811865476,65.5,0.7071067811865476,-10.4495955325378,1.6800609114377174,-219.0,4.242640687119285,0.0,0.0,-1.4682102514097028,0.13488918955826842,-3.7796540761219646,0.4178822627909973,0.69484513842509,0.013678911573351223,0.22019844082211198,0.004710704282886997,0.779801559177888,0.004710704282886919,0.0,0.0,1127.038164446241,138.55056725078148,1802.9893629886092,240.0166238012,1988.5544557501225,90.8138059021022,1.1405125939815732,0.17960382200684227,1.1405125939815732,0.17960382200684227,0.07135922821989067,0.00013347023142446253,0.0011340848508696773,0.0007307708249732818,0.03273841197867987,0.011160755528539063,0.0,0.0,0.5430221458571974,0.1774786722462684,0.7043669427132246,0.33649903511771667,0.6173841364894441,0.019620643024122378,22.522071564564293,2.8665732197005123
Greedy,True,burst_congested,-565.0846208031913,27.369504433374278,0.025584607477836308,0.004928760488162687,4.5,0.7071067811865476,172.0,7.0710678118654755,-3.3888790938883915,1.8689909238235998,-546.75,24.39518395093589,0.0,0.0,-1.565360727921218,0.21872239930550116,-13.7931991924015,4.997387263451392,0.41281821101979177,0.06464654211618248,0.025584607477836308,0.004928760488162687,0.9744153925221637,0.004928760488162647,0.0,0.0,1458.9167844391873,601.4159769296394,1980.5030142455796,998.6546687712691,2030.7841992860626,1038.6909831281605,0.07732748218664812,0.03922548566307982,0.07732748218664812,0.03922548566307982,0.019469708603604814,0.0018440072744021485,0.0001786749508446164,8.915409839208659e-05,0.013150266449090581,0.0033898209871729298,0.0003083333333333333,0.00043604918173170427,0.5472222222222223,0.20820366334937235,0.48661464585834324,0.18488338168358942,0.23683362151138673,0.028070932502655997,38.844244965934685,12.756319379582667
Greedy,True,burst_normal,-496.8983748177546,42.57377771357946,0.20249261210330208,0.07540776415069182,35.5,12.020815280171307,141.0,18.384776310850235,-18.41657592240051,4.027907714384356,-471.0,46.66904755831214,0.0,0.0,-3.948657148814789,0.8035637473280539,-5.781590126507272,0.2688681141968023,2.2484483799679382,0.46733350278288266,0.19958563535911603,0.07129667821356073,0.800414364640884,0.07129667821356077,0.0,0.0,1059.8974376180518,131.97227844407783,2188.8565839553758,178.88855402250374,2332.5320586970156,267.88985299491924,1.440405285575893,0.5862896953396972,1.419326027565775,0.5564791227770266,0.10403991099407933,0.027328642207204972,0.0029855171643097043,0.00071182969711234,0.054444001039032394,0.006537264744760496,0.0,0.0,0.6189674171384123,0.06229084865770005,0.6876471914244867,0.08504677491981066,0.7234308317279192,0.08854425880814736,16.375355329371118,0.1712290873584265
Greedy,True,heavy_congested,-627.4540877874354,50.138414167535046,0.014972641353009452,0.013530114831525051,2.5,2.1213203435596424,171.5,17.67766952966369,-1.4689598989110655,1.6947277593584547,-607.5,50.91168824543142,0.0,0.0,-1.117749878394295,0.18618366712667678,-17.488484058208492,0.9587851386939693,0.12110604807856129,0.14885220989475081,0.011905156690432765,0.009192036419337643,0.9880948433095673,0.009192036419337647,0.0,0.0,937.4347554582467,560.3424404813888,1168.1585397211618,886.6351453480473,1190.7294822958652,918.5552784527372,0.03145908626764139,0.027820682556061817,0.025067676322607514,0.018781863929108633,0.0107772747362737,0.011916497881857339,6.872464490909224e-05,6.530620096118552e-05,0.007733784520391923,0.0042221373500251095,0.0,0.0,0.325,0.10606601717798214,0.375,0.1767766952966369,0.15643807394744338,0.12695594168979324,50.33226045303088,1.7447910895764183
Greedy,True,heavy_normal,-561.3197103467905,64.60855777591783,0.16032167136461617,0.0509079363938317,27.5,6.363961030678928,146.5,21.920310216782973,-16.1795688300844,2.9618763743796737,-537.0,67.88225099390856,0.0,0.0,-4.656831340876046,0.2088216461892783,-5.662402488001008,0.2810640625409214,2.179092312171003,0.17806886511905384,0.16032167136461617,0.0509079363938317,0.8396783286353839,0.05090793639383167,0.0,0.0,1183.4606247695665,58.46343813153158,2211.976316174805,168.3282949296379,2340.251571099124,198.58849434659152,1.155780680707367,0.23551374885694307,1.155780680707367,0.23551374885694307,0.13221238982641956,0.026763690041411433,0.002581381155966969,0.0008030272134879866,0.050495226023714264,0.007951516180072726,0.0,0.0,0.5233570124613065,0.10181181493860282,0.6528523788350378,0.12215749119360146,0.5835264356553674,0.09692329164242042,16.372810450380552,2.271455102267093
Greedy,True,normal_congested,-112.67851150859909,18.469043482095035,0.29387755102040813,0.06926760305500873,12.0,0.0,30.0,9.899494936611665,-6.404011792495291,1.876499167155611,-102.75,15.90990257669732,0.0,0.0,-0.5653288388272166,0.04314753984821894,-3.1152348189569867,0.6847639513798124,0.15606394168041518,0.04526975298588987,0.29387755102040813,0.06926760305500873,0.7061224489795919,0.06926760305500866,0.0,0.0,1067.335298749215,312.7498611926016,1684.33526933753,398.1395362146324,1816.9355452806558,567.4918041871032,0.888312893496852,0.2054553026991417,0.888312893496852,0.2054553026991417,0.03774162478661543,0.002898876838804918,0.00038902016032866334,1.1112419734944779e-06,0.019723583942664172,2.8170386698604585e-05,0.0,0.0,0.4820295983086681,0.08969642044649645,0.6258028904054597,0.07784987344055021,0.5545018044404464,0.06941909427540209,37.15756669430441,0.6061706585040644
Greedy,True,normal_normal,-75.3821940735198,0.7206633906354163,0.6571428571428571,0.08081220356417688,28.0,9.899494936611665,14.0,0.0,-11.966413826621098,6.6148203680480995,-60.0,6.363961030678928,0.0,0.0,-1.1445708798600085,0.3747263055257626,-2.5586200706009454,0.23037890447999448,0.2874107035622427,0.13530115673953255,0.6571428571428571,0.08081220356417688,0.34285714285714286,0.08081220356417688,0.0,0.0,822.6337327220322,181.64222372601728,1647.113611883152,775.830011223931,1922.6466119748486,898.0793717899912,2.6208541486684447,0.7689118925496956,2.6208541486684447,0.7689118925496956,0.06813039155554554,0.017333180399514283,0.001047382215439882,0.00013886895071596702,0.03232762926264334,0.002147836910460353,0.0,0.0,0.8838896952104499,0.08261552378159227,0.9068935427574171,0.08045961977899282,0.8664288856757815,0.11931857656499126,30.997587628582735,4.563595465150805
Greedy,True,variable_congested,-266.7806626944547,8.70767820136694,0.06527285613040397,0.0241548879186333,5.5,2.1213203435596424,78.5,0.7071067811865476,-3.9659752606865455,1.7528107308051777,-256.5,10.606601717798213,0.0,0.0,-0.8235192459022163,0.17791112289875893,-5.72425657778109,0.04473267201745773,0.23308838991512246,0.07653100929012031,0.06527285613040397,0.0241548879186333,0.934727143869596,0.0241548879186333,0.0,0.0,1425.2662430673336,87.66821549141801,1801.6681653587748,155.92899260317444,1859.506217078465,179.41338516899296,0.20890940524828833,0.08010736957705558,0.20890940524828833,0.08010736957705558,0.025779371976053757,0.006389566617751921,0.000129627522465446,8.507544928895669e-05,0.011055559045395034,0.003847632170369219,0.0,0.0,0.4916666666666667,0.12963624321753373,0.5926470588235293,0.20173340522086786,0.2819316028728057,0.0827979437418867,34.07554371069365,0.307425714906801
Greedy,True,variable_normal,-179.50529264329114,7.699358363436873,0.48773919206236716,0.04229611079528324,41.0,4.242640687119285,43.0,2.8284271247461903,-17.34674413771357,2.995971328431644,-157.5,10.606601717798213,0.0,0.0,-2.483822559724562,0.22527848179489268,-3.45077927502774,0.09777640401182018,1.2760533291747773,0.03877410371279363,0.48773919206236716,0.04229611079528324,0.5122608079376328,0.042296110795283164,0.0,0.0,843.1352807637954,58.898112437782096,1524.3048064209293,127.23511526180354,1709.4326567834269,11.417520016890164,2.9871229208605703,0.255440428827334,2.9871229208605703,0.255440428827334,0.12642278975162305,0.011436124336888159,0.0009375074416470514,0.00025552412313589414,0.030474898804652373,0.00419237033031403,0.00039374999999999995,0.00022097086912079605,0.571115835011561,0.027051172377905615,0.7821760423987651,0.09172936653048408,0.8425727554396538,0.011985903172398086,20.53836433338153,0.23622105496049137
PPO,False,burst_unseen,-543.2414668316414,17.147381100837165,0.08489656944622896,0.004951473670135782,15.0,1.4142135623730951,161.5,4.949747468305833,-8.599877162053442,0.38182598808873824,-521.25,15.90990257669732,0.0,0.0,-8.13631490111667,0.05830595010919427,-6.2611271946147955,0.9089721176214601,1.005852426143394,0.11162553167952448,0.08198959270204291,0.009062559607266879,0.9180104072979571,0.0090625596072669,0.0,0.0,1149.3586221909895,57.45243835703178,1789.1200941596267,4.038414686475758,1950.6017187602013,90.2029902886976,0.5286424847741794,0.02699499588274353,0.5090806694377161,0.0006695886707208204,0.04480658476341014,0.006909495076049944,0.0005446026750676623,0.0004091886023130726,0.022427503562182753,0.009122473243144327,0.0,0.0,0.5631313131313131,0.02642722313525478,0.7402597402597403,0.013774807425711931,0.5622180462556402,0.19739140775179223,17.70198860147522,1.9367212078493945
PPO,False,heavy_unseen,-617.051243751489,59.25629920703931,0.041485657436577686,0.028091988852975758,7.0,4.242640687119285,167.0,19.79898987322333,-4.3176042461300534,2.5695159668103584,-597.75,58.33630944789017,0.0,0.0,-7.1354351879708595,0.6357849016236692,-8.362327011255505,2.791426963753734,0.5141226938673849,0.06229386058209122,0.038418172774000996,0.023753910440788346,0.961581827225999,0.02375391044078832,0.0,0.0,1238.623161470712,16.571583891892075,1715.940737901538,9.736985816767135,1753.8202584689427,41.317899992338155,0.21381552420516153,0.18393746724443222,0.19662157647476264,0.15962155317336799,0.03440835690079195,0.009597288957532315,0.0010199557476745853,0.00035772877012275715,0.0316863317277486,0.005644843543209583,0.0,0.0,0.6309523809523809,0.05050762722761051,0.6395558223289315,0.03140810432641337,0.24273944722387397,0.12577052691714835,23.766086779483146,5.896551362919401
PPO,False,normal_unseen,-90.31798579809296,19.73230012743994,0.5510204081632653,0.028861501272920222,23.0,4.242640687119285,19.0,5.656854249492381,-11.427278457387235,5.372970949807187,-75.75,13.788582233137676,0.0,0.0,-0.8819460124164609,0.5064258528332921,-2.488760050633746,0.19720470437989235,0.22999872234449092,0.13288361271809973,0.5510204081632653,0.028861501272920222,0.4489795918367347,0.02886150127292034,0.0,0.0,967.0369689950979,288.83267430466367,1603.9305910044538,403.9805654195901,1880.5059102226264,770.9140305419962,2.1948529411764706,0.27556367208005156,2.1948529411764706,0.27556367208005156,0.06595086104358962,0.012067373996659234,0.0012126892979737944,0.00039761198808148997,0.03458566589070497,0.005748219353907969,0.0,0.0,0.49192675934440416,0.1640302607842543,0.6022657871673047,0.16724564347088292,0.8030316925466313,0.052773111800233065,30.190031673578705,4.76818365473314
PPO,False,unseen_congested,-505.93864320441776,21.652494101944143,0.00423728813559322,0.0059924303490385385,0.5,0.7071067811865476,116.0,1.4142135623730951,-0.729204806002714,1.0312513263966798,-459.75,28.637824638055175,0.0,0.0,-5.574465940660755,0.2104311981033573,-40.10833371401553,6.059528529524243,0.22336125626120445,0.31588051791328775,0.00423728813559322,0.0059924303490385385,0.9957627118644068,0.005992430349038522,0.0,0.0,2916.819224010856,,2916.819224010856,,2916.819224010856,,0.002420838578483587,0.003423582750007493,0.002420838578483587,0.003423582750007493,0.021621294182306343,0.030577127468676128,0.0005970780770580913,0.0008443959143712006,0.01727828227946996,0.024435181134137132,9.166666666666667e-05,0.0001296362432175337,0.25,,0.25,,0.06666666666666667,,171.93050026204054,22.875919286505297
PPO,False,unseen_normal,-474.8641674793212,32.78968990591693,0.03835666912306559,0.029649503205242858,4.5,3.5355339059327378,112.0,1.4142135623730951,-5.848987115160839,4.029076217286658,-449.25,39.244426355853385,0.0,0.0,-7.7495386900129875,2.1484634450834212,-13.383924620112385,1.24913733044311,1.3682829459649235,0.9719405428767305,0.03835666912306559,0.029649503205242858,0.9616433308769344,0.029649503205242813,0.0,0.0,3629.05655256883,992.7640093512341,5074.998336452857,197.76268256775057,5347.318456335911,76.25664388795241,0.073192479472385,0.05377483802073916,0.073192479472385,0.05377483802073916,0.1176647503937566,0.07486663498664443,0.003313756627536977,0.003632933151337496,0.05199543731787426,0.034935114874864386,0.00010416666666666667,0.00014731391274719742,0.5416666666666667,0.058925565098878946,0.5926470588235293,0.20173340522086786,0.1853719283598913,0.12794385513283596,57.40244318451026,4.315877207933282
PPO,False,unseen_unseen,-488.6190355699223,25.872891645184474,0.00847457627118644,0.011984860698077077,1.0,1.4142135623730951,115.5,0.7071067811865476,-1.404204806002714,1.9858454809985189,-456.75,32.88046532517446,0.0,0.0,-6.15871632554911,1.3540008943801929,-24.73704903025518,4.172523118613556,0.4309345918847778,0.5047958140022727,0.00847457627118644,0.011984860698077077,0.9915254237288136,0.011984860698077044,0.0,0.0,2878.6698350405445,,3114.335384967264,,3135.283433849639,,0.007821666014861166,0.011061506158569379,0.007821666014861166,0.011061506158569379,0.03986896971440108,0.042929815216061706,0.0010055148420838236,0.0011685474005050534,0.02809356711803162,0.020797419487449693,0.0,0.0,0.25,,0.25,,0.12000000000000001,,106.02212906915932,15.97729321926924
PPO,False,variable_unseen,-235.2154966724938,6.171930726782793,0.24429482636428068,0.02936673095501893,20.5,2.1213203435596424,63.5,3.5355339059327378,-12.628730338439773,0.4913335414814311,-217.5,6.363961030678928,0.0,0.0,-2.900320457961946,0.15324813900418335,-2.9675765919136574,0.10750926410845527,0.7811307158215793,0.25356436268956384,0.24429482636428068,0.02936673095501893,0.7557051736357194,0.02936673095501886,0.0,0.0,1236.2097321507486,79.98681808560713,1845.277656025618,150.81005979902724,2545.2599460079336,9.123139895419422,1.6466376174274728,0.1153481829151706,1.6466376174274728,0.1153481829151706,0.07754318266804973,0.0046614431603882525,0.0008257695499466818,0.0010561974577374031,0.024270090156404973,0.021759240508191287,0.0,0.0,0.6490042810182708,0.0871518162195559,0.8306629899921554,0.20526385191384044,0.6350959617476671,0.0033767885081610587,17.67203786324867,0.9374603294667202
PPO,True,burst_congested,-564.5389023598052,19.604401430328405,0.033871900295515865,0.006791241409956884,6.0,1.4142135623730951,170.5,4.949747468305833,-3.423181601886106,0.7891093582498244,-540.75,18.031222920256962,0.0,0.0,-7.799474683160581,1.1936063696158452,-13.014240040308941,0.3978459031183083,0.4479939655503338,0.011691314675999858,0.033871900295515865,0.006791241409956884,0.9661280997044841,0.006791241409956857,0.0,0.0,1141.777430457167,6.083068477396976,1896.242796768723,28.021664964270023,2060.061621244573,94.17807319113092,0.09968867584393531,0.026636513812242708,0.09968867584393531,0.026636513812242708,0.021986586816231078,0.0055419876821934414,0.00012674571884164912,5.930039305984503e-05,0.011098519818461208,0.0026715451262791425,0.0,0.0,0.5290909090909091,0.05528289380185735,0.5722222222222222,0.1728483242900449,0.2529645892258856,0.17180157476739982,36.91184801853974,2.4579519202237097
PPO,True,burst_normal,-495.29365208058863,39.82512488298325,0.21935628934858023,0.06800326682746122,38.5,10.606601717798213,138.0,16.97056274847714,-19.384896077112437,4.0815602224920875,-465.0,42.42640687119285,0.0,0.0,-8.994963073255756,0.7461803818354751,-4.101323539761717,0.43280628714205294,2.1875306095413025,0.3012915653049986,0.21077990492098164,0.06368776225257226,0.7892200950790184,0.06368776225257224,0.0,0.0,1016.371328380418,67.9772839619849,1853.8207421439893,279.6735121701248,2449.8412577284616,133.84475398551862,2.3281829642135197,0.9704811634243198,2.236169113890308,0.9152593077340481,0.10729912056956115,0.029010908361320444,0.0005130026556296092,0.00023494704617457523,0.022342335521967092,0.005257889130336759,0.000825,0.0001296362432175337,0.6310963124290314,0.08927846689549813,0.907024389254361,0.06533287873108462,0.7039509674711153,0.05266888407406422,11.603919176335294,0.8076841593749654
PPO,True,heavy_congested,-629.990691875371,51.847680063965605,0.011905156690432765,0.009192036419337643,2.0,1.4142135623730951,172.0,16.97056274847714,-1.0634678437711778,1.2344124805349344,-607.5,50.91168824543142,0.0,0.0,-6.575696518268053,0.37975647705242177,-15.05046695099471,1.6702260233692068,0.19893943766305616,0.1204217986475185,0.011905156690432765,0.009192036419337643,0.9880948433095673,0.009192036419337647,0.0,0.0,836.0495011831977,643.2362088406649,1149.83104576926,1086.9903248166522,1180.4163927323802,1130.2445373017836,0.029833118520978915,0.023525842784445368,0.029833118520978915,0.023525842784445368,0.01026420505956432,0.007717685504862548,5.948316105695515e-05,5.535820194143387e-05,0.007220503528231613,0.0038334031501395687,0.0,0.0,0.25,0.0,0.25,0.0,0.129947266167083,0.08949228204858886,43.20659823998432,0.9366441512626424
PPO,True,heavy_normal,-555.2231235209196,91.76043958162829,0.1886585972475543,0.10627119656234232,32.0,15.556349186104045,142.0,31.11269837220809,-19.430543133575334,7.073468487440153,-525.0,97.58073580374356,0.0,0.0,-9.085647443111217,0.5231577618299665,-4.201267670957726,0.03790075587006147,2.4943347267247784,0.767915259365003,0.1886585972475543,0.10627119656234232,0.8113414027524457,0.1062711965623424,0.0,0.0,1255.2795291265775,168.1446783244058,2027.0807314646036,402.54200975461026,2501.4637362979083,126.04670746090778,1.952933358551876,1.0412110292223526,1.952933358551876,1.0412110292223526,0.14789610196124692,0.0466124385924379,0.0021620889130004894,0.0022785236598136097,0.042449328974989736,0.026838158751061398,0.00095625,0.001352341719019272,0.6747498999599839,0.06482519550613774,0.9095484933683327,0.054464826932216735,0.7476129258460283,0.1698651164298206,12.12593887320528,1.193021363540024
PPO,True,normal_congested,-110.21844640731976,16.03366259498707,0.32857142857142857,0.06060915267313267,13.5,0.7071067811865476,28.5,9.192388155425117,-7.300532588787937,1.7650109504166895,-99.75,13.788582233137676,0.0,0.0,-0.8219765841720128,0.32596941224083487,-2.504387705608186,0.21942069888501395,0.1584504712483728,0.06532069969314026,0.32857142857142857,0.06060915267313267,0.6714285714285715,0.060609152673132625,0.0,0.0,1076.1886191503636,205.11419484417542,1693.0756985533783,261.51775163421576,1972.9052987527457,384.01784371784316,1.2393550579973804,0.04443060277837342,1.2393550579973804,0.04443060277837342,0.042888765493853266,0.0013808731263359206,0.0004587486007729914,4.2076834279338574e-05,0.021407140789088515,0.000982775670368499,0.0,0.0,0.5465728715728715,0.0030100505115444524,0.6366681071737251,0.10588267056228977,0.6061937237077767,0.026749409893317144,30.349331366397617,4.541254827349896
PPO,True,normal_normal,-49.98899886634885,9.38985685927068,0.8326530612244898,0.005772300254584091,35.0,8.48528137423857,7.0,1.4142135623730951,-12.276288148208014,4.6592460027345375,-34.5,4.242640687119285,0.0,0.0,-1.034256531932938,0.49496237277535343,-2.5290551750910275,0.18463025706325806,0.35060098888312125,0.19162246042174594,0.8183673469387756,0.025975351145628274,0.1816326530612245,0.025975351145628302,0.0,0.0,689.4913011350396,99.08469457852597,1027.4728322563367,232.0279008152494,1194.6033786212151,320.0485354208136,3.3658878504672898,0.6588649166756898,3.3158878504672895,0.7295755947943448,0.08115808698767835,0.01769637973433064,0.00244954243154449,0.0007604151136444578,0.04919015206368735,0.007729342985766084,0.0,0.0,0.4241919535196168,0.09848418321285958,0.4987742644792491,0.08537390530536233,0.9163971493839009,0.062418409191843556,30.701587232172493,5.038454257600093
PPO,True,variable_congested,-263.67650723736915,1.5638890716950136,0.07717930545712261,0.023954432417233856,6.5,2.1213203435596424,77.5,0.7071067811865476,-4.712436006087155,1.180114754552184,-252.75,3.181980515339464,0.0,0.0,-2.4156636249029138,0.5816179156649355,-4.117921714991872,0.08803166382035711,0.31951410861271534,0.05560956275242379,0.07717930545712261,0.023954432417233856,0.9228206945428774,0.023954432417233874,0.0,0.0,1468.9566660641644,116.2920231423216,1787.8817560788689,14.201339855058135,1816.427899905925,44.703279604475206,0.3505858328206045,0.1261708395577975,0.3505858328206045,0.1261708395577975,0.03105604920904491,0.008540193663030621,0.0008514861939214473,0.0009165995833964208,0.02649254790123967,0.017299196491280668,0.0,0.0,0.6403846153846154,0.2257302416864748,0.6206140350877193,0.17057400423359698,0.3916366338398089,0.1449444530766511,24.519324723300052,0.9368023032630907
PPO,True,variable_normal,-161.75121715469845,10.880760223146027,0.6016300496102055,0.05221865811455578,50.5,3.5355339059327378,33.5,4.949747468305833,-21.533800288839828,0.40897666237133384,-135.0,10.606601717798213,0.0,0.0,-3.80099528304716,0.45537790090498903,-2.862008415961547,0.05608525674573235,1.44558683315009,0.2644744871357295,0.6016300496102055,0.05221865811455578,0.3983699503897945,0.052218658114555803,0.0,0.0,855.487334917206,76.09025353343552,1540.045456097822,73.71961652769942,1843.4988457624468,216.57129987215782,4.892193378127983,0.5025144487385731,4.892193378127983,0.5025144487385731,0.15575655687009876,0.005086593605254841,0.0032513238561410075,0.0020991732562716074,0.05542583429070978,0.018936776352895243,0.0,0.0,0.5612882600445508,0.0209285172634827,0.7840199131673004,0.009443780527884013,0.8394500929302322,0.0860653734709903,17.035368439078702,0.04703546769402659
Random,False,burst_unseen,-557.1909048276609,35.119440948021655,0.1026275215212643,0.03575054842565932,18.0,5.656854249492381,158.5,12.020815280171307,-9.850088050094197,3.20233787048273,-507.75,39.244426355853385,0.0,0.0,-22.068334801855883,1.2544984484704698,-18.566310551477056,0.3079912474341983,1.0438285757662895,0.023859663687249677,0.0968135680328922,0.02752837655139714,0.9031864319671078,0.027528376551397105,0.0,0.0,1092.493542897534,12.477722237919656,1805.325262146759,73.32785902050284,2108.605253272687,58.22428866394293,0.21019290116654787,0.06942117429199729,0.19840739733625914,0.05275395493580291,0.051690334034848656,0.002749961589534555,0.0006483227158989233,0.0001281476289617859,0.02539962378977699,0.002522628485020388,0.0,0.0,0.4620481060060493,0.00030553368047811995,0.5768981880931838,0.11454641774613837,0.6090047583797329,0.12408290635846593,52.614252058773445,1.024585983247903
Random,False,heavy_unseen,-621.1131899913728,70.30326231896615,0.08874150223843476,0.05669985730091434,15.0,8.48528137423857,159.0,24.041630560342615,-8.392461600843843,4.408909474846236,-537.75,41.36574669941303,-41.0,38.18376618407357,-18.295614109190375,0.2395005450028268,-17.009406033386078,5.204992923715213,1.3342917520476107,0.12815128903821107,0.08874150223843476,0.05669985730091434,0.858448018570718,0.01671918869129525,0.05281047919084729,0.03998066860961909,1134.1958231624262,53.74344955512317,1729.748475898144,173.61723782732415,1928.7033664751816,444.3590863883789,0.18391629149557215,0.0521243310724759,0.18391629149557215,0.0521243310724759,0.0708069457682943,0.01725720820128646,0.0019577055218919044,0.0002840888098099815,0.04418754075685401,0.0032145804557579542,0.0,0.0,0.4446215139442231,0.007606327925114265,0.5250387596899224,0.049552289162220035,0.4983960887044633,0.1736666103178951,49.74501730269333,19.404294949925802
Random,False,normal_unseen,-105.64677817335775,2.527086428857996,0.3653061224489796,0.03174765140021232,15.5,4.949747468305833,26.5,4.949747468305833,-6.987149402834594,3.2217577534815365,-91.5,0.0,0.0,0.0,-1.472172492620678,0.26430061084461803,-5.879284479459451,0.8891621740976874,0.1918282015569629,0.0698097613704727,0.3510204081632653,0.05195070229125655,0.6489795918367347,0.05195070229125655,0.0,0.0,880.0646675617652,134.672106242181,1260.6532743628568,271.88602404625084,1441.9759353008458,495.7921083982399,0.6041876503553777,0.282665910170412,0.5873412891693939,0.306490262636266,0.04418917136341001,0.004447150774197529,0.00036463093386246155,0.00021500563265066286,0.01865549709524062,0.005762527569032588,0.0,0.0,0.6601510291365945,0.05580681025002089,0.8307616774427458,0.1414320382540658,0.6055399428556411,0.08283083608342906,73.27436628497091,27.85619773977004
Random,False,unseen_congested,-559.6168262406422,31.46686649122893,0.00847457627118644,0.011984860698077077,1.0,1.4142135623730951,115.5,0.7071067811865476,-1.1478879329097154,1.623358682805337,-299.25,26.516504294495533,-213.0,4.242640687119285,-6.170142907996695,0.4565648473247633,-40.39412303839919,2.5815326147492854,0.34532763866335087,0.20611242499499063,0.00847457627118644,0.011984860698077077,0.6568165070007369,0.018029399137107306,0.3347089167280766,0.0060445384390301815,2459.1854778248585,,3240.0558493922563,,3309.466549087136,,0.005575379125780553,0.007884776775050709,0.005575379125780553,0.007884776775050709,0.02810677098254006,0.022500084186272962,0.0006083262686231245,0.00044364938093829844,0.023764735753592774,0.009334195539523875,0.0,0.0,0.5,,0.48076923076923067,,0.13333333333333333,,173.4949691525468,14.23866708105743
Random,False,unseen_normal,-527.9506158667276,32.54455205998753,0.05563743551952837,0.017195669697241026,6.5,2.1213203435596424,110.0,0.0,-8.451188085889289,2.215624472223316,-285.75,30.759144981614817,-213.0,4.242640687119285,-7.485041364211004,1.9094293223351475,-14.86917644359546,0.8017553051200629,1.6047900269682662,0.8660648806915987,0.05563743551952837,0.017195669697241026,0.6096536477523951,0.023240208136271295,0.3347089167280766,0.0060445384390301815,3177.117228434613,79.80065464186683,4767.536374706904,658.5038419611262,5068.279504426728,874.8356582171099,0.10086973235353347,0.03973957214228027,0.10086973235353347,0.03973957214228027,0.1432859167027106,0.05590689629520856,0.008896499837952584,0.009256617828773472,0.08637673693048484,0.05358281730544596,0.0008291666666666666,0.0005715779814591259,0.4840909090909091,0.11892250410864665,0.5722222222222222,0.1728483242900449,0.2783347470844763,0.11987522244826959,63.858122534949345,4.603787012832141
Random,False,unseen_unseen,-543.1697895555599,33.865566245963684,0.017059690493736183,0.011828536428102158,2.0,1.4142135623730951,114.5,0.7071067811865476,-2.5420927389124293,1.4737416846204823,-295.5,29.698484809834994,-213.0,4.242640687119285,-6.440019993382347,0.6661825739346929,-26.403585334668662,1.6637549269475789,0.7159085114037599,0.4006100806169457,0.017059690493736183,0.011828536428102158,0.6482313927781871,0.01787307486713229,0.3347089167280766,0.0060445384390301815,4086.5662894561015,2385.0292780938594,4395.221847163627,1948.524402282045,4401.025749607702,1940.3164447309448,0.016806869427370592,0.012714777795639426,0.016806869427370592,0.012714777795639426,0.05855814404544328,0.02898808939984737,0.0023174180038360043,0.00048546739054835327,0.04800661564837358,0.0050562551014237235,4.1666666666666665e-05,2.357022603955158e-05,0.35,0.14142135623730953,0.36999999999999994,0.16970562748477133,0.13307888040712468,0.09392105337897652,113.40391931007792,9.205523644168704
Random,False,variable_unseen,-243.9581584999107,10.587662247555368,0.21977321048901488,0.05522549063554754,18.5,4.949747468305833,65.5,3.5355339059327378,-9.180849498419924,3.684128956280259,-221.25,15.90990257669732,0.0,0.0,-5.115961378368689,0.1200871911874791,-9.022076026873561,1.7563994697259224,0.6107284037515388,0.0017990943232594541,0.21977321048901488,0.05522549063554754,0.7802267895109851,0.05522549063554747,0.0,0.0,974.1088589917476,137.65757048172057,1850.0062348423435,140.0225627865848,2389.2720237485596,241.02915787874045,0.4479757745392542,0.03412105553860627,0.4479757745392542,0.03412105553860627,0.06376595672151737,0.011713678171309515,0.0012684356252149506,0.00031679214214084964,0.03547488439826942,0.004465020077081683,0.0,0.0,0.4906693292934858,0.11325784141577673,0.5773177636234961,0.16564214053272983,0.5480811549407338,0.06419251396112266,53.62242553379613,9.551978255068164
Random,True,burst_congested,-586.4174334506035,20.325977246046527,0.05669407683412565,0.002044186377578994,10.0,0.0,166.5,6.363961030678928,-6.32430711628094,0.715343021464102,-529.5,23.33452377915607,0.0,0.0,-23.535859047891915,2.314983300335604,-27.814730099531467,0.04095030534223078,0.7574628131007706,0.019170516652088472,0.05393164589489914,0.0059508536769521895,0.9460683541051009,0.005950853676952152,0.0,0.0,1264.8614232561881,143.06860429282057,2291.411319668964,126.70727095725258,2344.3346230175484,180.71484380273887,0.07723503824433325,8.857940181836559e-05,0.07337641808690154,0.005545492360504473,0.030668198664652452,0.0013906273064363574,0.00028913264837675365,0.00012068356799759359,0.016813463611964702,0.0035888966956134313,0.0,0.0,0.4718660968660969,0.012590932713435683,0.5904255319148937,0.12788101361884371,0.35332411161033017,0.06132794491735016,78.84442951775677,2.726842630402253
Random,True,burst_normal,-498.3797174926422,45.66156671679814,0.2158711293845561,0.031821167944313035,38.0,4.242640687119285,138.5,10.606601717798213,-18.217273406411742,0.08531537373523754,-452.25,43.487067042972676,0.0,0.0,-19.197284441195087,1.4631067150164232,-10.891149627978846,0.6928695007000465,2.175989982943487,0.1038388318440528,0.2158711293845561,0.031821167944313035,0.7841288706154439,0.031821167944313083,0.0,0.0,964.5650288581509,103.20189708777654,1784.2850960517312,210.66086143926324,1916.9923135199128,195.62302253496208,0.7818016946383919,0.14264867086842903,0.7818016946383919,0.14264867086842903,0.10305465691461949,0.008005586203981774,0.0022855271691414793,0.000732469394678695,0.047495237485519204,0.007710977283796268,0.0,0.0,0.5056461991945863,0.04980307445024194,0.6820186857307844,0.09029623893171587,0.7839477193248255,0.04532069727943253,30.83777483116031,0.8509028501510808
Random,True,heavy_congested,-656.1994858797106,54.35388270371975,0.035350688111424305,0.01941583202860094,6.0,2.8284271247461903,168.0,18.384776310850235,-3.6403096228187373,0.5523299912382603,-567.0,25.45584412271571,-41.0,38.18376618407357,-18.859567153985566,0.9889808301223776,-26.122219985460077,7.732890959917695,0.42261088255373025,0.01152582179119129,0.03228320344884762,0.015077753616413532,0.9149063173603051,0.02490291499320552,0.05281047919084729,0.03998066860961909,1316.2965732748664,436.39815826409557,1787.2758186449682,372.7110823872727,1817.439683844524,334.83445332379745,0.048017302422432,0.009036346191235287,0.04461686716671927,0.0042274045346347225,0.029875379864217008,0.00598623575022175,0.0004775483656424077,0.0002670525449187691,0.02140298657103349,0.006238674776355616,0.0,0.0,0.45,0.07071067811865474,0.46538461538461534,0.02175713172881677,0.31767849675186355,0.10343612648940628,76.36236202064876,29.04807498981463
Random,True,heavy_normal,-552.0347553951738,47.33439075599051,0.21619963521804014,0.015265346196400012,37.5,0.7071067811865476,136.5,14.849242404917497,-18.66142943687621,1.7701406759915017,-469.5,10.606601717798213,-41.0,38.18376618407357,-15.664269156158124,0.2700616166596007,-10.18566717844406,2.827727320221044,2.97661037630451,0.12832888499200532,0.21313215055546345,0.0109272677842126,0.7340573702536892,0.029053400825406393,0.05281047919084729,0.03998066860961909,994.5629653556674,75.65384359634687,1676.222246693589,87.58726382253091,1788.9278893004946,178.42555842279592,0.8878637571690585,0.27848794343960187,0.878526689008461,0.2916925518651209,0.16359190101266385,0.007182360977274108,0.00804737597699055,0.0016949587319438396,0.08945670001310542,0.009473626523756896,0.0,0.0,0.5395734915244658,0.018857723930601537,0.6125530123735248,0.09386795628391732,0.7575664527997407,0.07536566067917666,29.751295736154685,10.785547157018339
Random,True,normal_congested,-118.89322729830157,10.587751768168282,0.2816326530612245,0.03463380152750439,12.0,4.242640687119285,30.0,5.656854249492381,-6.223457169202212,3.0986699225931473,-103.5,8.48528137423857,0.0,0.0,-1.4077350123478762,0.28090418332969247,-7.896880134891679,1.1954327479408564,0.13484501814019093,0.08167096405226529,0.2714285714285714,0.02020305089104422,0.7285714285714286,0.02020305089104426,0.0,0.0,1009.0105849726417,159.7058736372775,1462.8845409355147,210.21405001800062,1521.7287599863737,256.20288744121945,0.3445605461351257,0.171922384187964,0.3290229451407193,0.14994889813493267,0.034114255753725994,0.007549608051157905,0.0002502843775204737,0.00031836939531133655,0.013410045863558255,0.01187055579640127,0.0,0.0,0.6738351254480286,0.029145978436004687,0.8209148446490219,0.13242995240288905,0.49758538213895565,0.06383359970106177,98.42159063647249,37.42953362212986
Random,True,normal_normal,-79.2076549250502,5.970219634444059,0.5897959183673469,0.1471936564918936,25.5,12.020815280171307,16.5,2.1213203435596424,-10.750913121817035,7.0775401211085605,-63.75,13.788582233137676,0.0,0.0,-1.6411078324142572,0.9045814745597206,-3.3515345719507303,0.020258102904503777,0.285900601131813,0.1840170998791568,0.5897959183673469,0.1471936564918936,0.41020408163265304,0.14719365649189353,0.0,0.0,801.4165515204526,177.30980054579848,1476.775240636212,740.0343065264849,1618.769980998168,640.6033411447477,1.7725529288085682,0.8746142466402307,1.7725529288085682,0.8746142466402307,0.060370279548634484,0.01797347558871933,0.0007086201310645849,0.0005036872265535909,0.02570244153665087,0.00979843151934319,4.1666666666666665e-05,5.892556509887896e-05,0.7757281553398059,0.10503625002091427,0.9019854485832863,0.014260246404417868,0.7967172154117925,0.17794302618856042,41.00996487707475,9.424973528546953
Random,True,variable_congested,-273.96222500906117,0.9923390188588616,0.09496810772501771,0.03207288022391144,8.0,2.8284271247461903,76.0,1.4142135623730951,-5.407565944158412,3.3767214260513345,-250.5,6.363961030678928,0.0,0.0,-5.294386861391858,0.7079390989120254,-13.022875543509597,2.740849159743164,0.2626033399987179,0.038009475062435044,0.08908575478384125,0.02375397691583441,0.9109142452161587,0.02375397691583433,0.0,0.0,1282.837410539656,390.6288404366427,1920.0606768467228,706.1484021370076,2055.404870296733,861.110886692282,0.13045197202528375,0.019820125366621897,0.12322862617148428,0.009604771694467197,0.02933178659996198,0.01622847349367872,0.0003262093967684737,0.0002279314099853289,0.0174617034216262,0.0065266086727551855,0.0,0.0,0.3564814814814815,0.15058755525269066,0.4402985074626866,0.2691227301530891,0.3485243422198375,0.07753289583426634,77.3907493003361,15.011637292962272
Random,True,variable_normal,-191.51132524766106,9.913879401649355,0.42232459248759746,0.034979484994203426,35.5,3.5355339059327378,48.5,2.1213203435596424,-14.544492032612142,3.8192367393213384,-168.0,14.849242404917497,0.0,0.0,-4.676482983909224,0.059176480317694714,-5.33560802143035,0.9551661143855518,1.0452577902906355,0.10178366924354891,0.416442239546421,0.02666058168612637,0.5835577604535791,0.026660581686126467,0.0,0.0,812.7239978698626,134.22704867629784,1604.8839257480192,416.4182227591674,1896.1265947370634,216.16262394051031,1.5512319625302777,0.11886535044646446,1.5319269432252585,0.14616677056949737,0.0987619384449363,0.017756625116574394,0.0018953721154053099,0.0003409797587668063,0.0434473590313892,0.003924056218474178,0.00025,0.00035355339059327376,0.6196366177498254,0.06912944702166171,0.7784178760341787,0.07602860447384187,0.8255187617856037,0.13406719388348812,31.716206191602247,5.151542479161789
RoundRobin,False,burst_unseen,-568.0564331716538,23.166843163891745,0.08823718360529359,0.02321287197650815,15.5,3.5355339059327378,161.0,9.899494936611665,-8.763465086469061,3.075288521419349,-519.0,25.45584412271571,0.0,0.0,-20.89227138385599,0.8830672248317717,-20.36457012232595,0.29185830115720074,0.9638734209972142,0.19507863892081134,0.08823718360529359,0.02321287197650815,0.9117628163947065,0.02321287197650805,0.0,0.0,1114.5069694125514,142.5935396182117,1844.2754732458534,400.08680221186427,1952.6629269943455,397.3155169507855,0.16402426256748157,0.035315680986983594,0.16402426256748157,0.035315680986983594,0.044735137268388236,0.006123895365192395,0.0002954637024036904,8.466866187672809e-05,0.01709968019179137,0.002475738169576205,0.0003333333333333333,0.0004714045207910317,0.5624885342139057,0.07047069507972713,0.8026957890594255,0.08036695726354774,0.5705275042012444,0.04103541772237826,57.74244047953958,2.908780688989737
RoundRobin,False,heavy_unseen,-638.0814273509491,56.434352632066975,0.05572873486983917,0.02530154922567683,9.5,3.5355339059327378,164.5,19.091883092036785,-5.453323592782352,2.089589788153604,-556.5,59.39696961966999,-44.0,5.656854249492381,-15.752041129234122,3.7180720001768175,-17.305026026310976,0.9667069203786953,0.9289633973784568,0.09904812948728624,0.05266125020726248,0.02096347081348942,0.895042281545349,0.03376666439756691,0.0522964682473885,0.012803193584077433,1145.5396752066285,13.58791726557857,1931.1270995826553,215.87051123087318,2219.385316074578,551.9843310700019,0.12041223547559074,0.051432872258905485,0.1138797034661839,0.042194476894565965,0.05052977280918715,0.010475802455533539,0.0006586115916947705,0.00013972253668250912,0.025590726693494995,0.0027299446857448127,0.0,0.0,0.47685185185185186,0.032736425054932745,0.642628914900348,0.02858849941019947,0.2969791140053575,0.16276734351945057,49.80194517279212,1.6746148796885965
RoundRobin,False,normal_unseen,-105.34772787236443,10.074630254730135,0.40816326530612246,0.02886150127292032,17.0,2.8284271247461903,25.0,7.0710678118654755,-7.39167488823728,1.6050712780681202,-91.5,6.363961030678928,0.0,0.0,-1.3247198157406017,0.6611668584300505,-5.305632991846732,1.510565686652873,0.1742998234601753,0.06613459909983155,0.38367346938775515,0.023089201018336267,0.616326530612245,0.02308920101833625,0.0,0.0,865.8846282808022,44.76770509447303,1351.077205816675,256.2192205802782,1419.2574249323334,160.57563537745543,0.7243903062715529,0.09145448151524668,0.6807272488164124,0.07881023106991045,0.04793525255222297,0.0055101042436785635,0.0004138635014424009,3.082833348197018e-05,0.020336574320572814,0.0007579529618905323,0.0,0.0,0.6989791095566689,0.13190993786479357,0.7258777302451802,0.07924851643737446,0.6157694266109219,0.06628671943577435,62.787074919633525,3.183869358925415
RoundRobin,False,unseen_congested,-545.8117621033325,28.25392420065023,0.00847457627118644,0.011984860698077077,1.0,1.4142135623730951,115.5,0.7071067811865476,-1.4576301115175583,2.0614002726315377,-297.0,19.091883092036785,-213.0,18.384776310850235,-5.576135741174478,0.8341777592375891,-29.133188814027097,6.774744854405274,0.3551925633866716,0.4475876840375354,0.00847457627118644,0.011984860698077077,0.6480103168754605,0.006409295068971756,0.34351510685335296,0.0183941557670487,3020.721880972891,,3191.9031723852836,,3207.1192871774965,,0.006354855109303508,0.008987122282492977,0.006354855109303508,0.008987122282492977,0.029749438685669507,0.03454662191304102,0.0009234298131503931,0.001270679003522124,0.023838269276235252,0.02665208175974596,0.00039375,0.0005568465901844062,0.25,,0.25,,0.12327044025157231,,124.79111255685774,26.80386696515308
RoundRobin,False,unseen_normal,-517.7798726963505,35.84552426995801,0.06834929992630803,0.03517296074435664,8.0,4.242640687119285,108.5,2.1213203435596424,-10.266818660088344,4.805829441237209,-276.75,26.516504294495533,-213.0,18.384776310850235,-7.0346198949883565,1.7391468028229597,-12.500277689159125,3.3084539394266006,1.7718435478853072,0.7976738480989769,0.06834929992630803,0.03517296074435664,0.5881355932203389,0.01677880497730784,0.34351510685335296,0.0183941557670487,3202.4384111795143,476.7563577454363,4562.022214640844,88.31222119352742,4946.215860315959,555.6247981066631,0.140377571824856,0.041284199219565255,0.140377571824856,0.041284199219565255,0.1604290038943821,0.06126120845610319,0.009067047495311335,0.0036285889908306466,0.09424299647375237,0.019251239490465717,0.0014041666666666666,0.0015733125881400682,0.3813559322033898,0.18576534082019466,0.46086261980830673,0.298204776730429,0.28880255163087687,0.09755968312566578,53.52885797580399,13.22467909289025
RoundRobin,False,unseen_unseen,-534.5539547581154,31.623737287224078,0.021296978629329402,0.017820966777140696,2.5,2.1213203435596424,114.0,0.0,-3.5528609404864455,2.9031837837019183,-293.25,22.273863607376246,-213.0,18.384776310850235,-5.84974966666789,1.2148580338162054,-19.66607773840347,5.488039363405386,0.7647335874421923,0.571178549921161,0.021296978629329402,0.017820966777140696,0.6351879145173176,0.0005731889899080148,0.34351510685335296,0.0183941557670487,4498.789580154738,1802.0575096617804,4848.990246905683,1306.7989771904943,4862.975513103974,1287.0208240594736,0.025337791744687744,0.016462913643425604,0.025337791744687744,0.016462913643425604,0.061265762434365253,0.03691250718330293,0.002276529723308181,0.002450705836251807,0.04331789056874926,0.028287455876485068,0.0009,0.0012727922061357855,0.325,0.10606601717798214,0.375,0.1767766952966369,0.15694524788146347,0.12767319394576654,84.20328341009873,22.020579773479252
RoundRobin,False,variable_unseen,-244.9760924404468,5.618528765534424,0.2559177888022679,0.004109337778688683,21.5,0.7071067811865476,62.5,0.7071067811865476,-12.879565809127701,1.0976970317322345,-219.0,6.363961030678928,0.0,0.0,-4.633594343785928,0.4624558158321199,-9.199434422577479,0.9501126115035075,0.7365021350443877,0.1353920290836489,0.24989369241672574,0.012628696588165147,0.7501063075832743,0.012628696588165147,0.0,0.0,1197.0674042806602,62.74137601675533,2088.8719212394617,169.0307080130778,2153.570698251863,229.12503267743213,0.5218141238739984,0.07311477511636869,0.5106209293362773,0.08894434263789425,0.07850475612953406,0.005541656713020944,0.0018565367765369378,5.5626907676495806e-05,0.043085129817709206,0.0006455464787021689,0.0,0.0,0.5641891891891893,0.027073908288674193,0.6474526105928642,0.032108951680344916,0.6465180651282217,0.12107892920721715,54.813913718426164,6.578272451655967
RoundRobin,True,burst_congested,-594.0927131580272,14.909831775589923,0.03648978542978286,0.018715661945834353,6.5,3.5355339059327378,170.0,2.8284271247461903,-3.5749420831244554,1.8510665913987887,-539.25,11.667261889578034,0.0,0.0,-20.759930056598456,1.744981285575624,-31.04902720708445,0.16325076929868676,0.5411861887801925,0.19022722166381126,0.03648978542978286,0.018715661945834353,0.9635102145702171,0.018715661945834315,0.0,0.0,1109.1593995718936,33.74422791889986,1846.7364399849425,31.279981620245103,2038.1603498878171,65.34718112575105,0.045008789329398356,0.02471176185209325,0.045008789329398356,0.02471176185209325,0.026336902572125835,0.00573386930260129,0.000161144402049712,0.00016112430441713544,0.011728275893954431,0.006869053297944249,0.0,0.0,0.5583333333333333,0.15320646925708528,0.5913114754098361,0.1432760625486185,0.3870525839587225,0.17205294289247977,88.02313958013343,3.636267505582571
RoundRobin,True,burst_normal,-525.259784511277,29.80769280004035,0.18766863677245277,0.038816827992027784,33.0,5.656854249492381,143.5,12.020815280171307,-16.347782902989707,2.2632794425737908,-480.0,29.698484809834994,0.0,0.0,-18.71646802800154,2.0766098792404257,-12.077800513786197,0.2232730653034622,1.8822669335003535,0.07260448823524336,0.18766863677245277,0.038816827992027784,0.8123313632275472,0.03881682799202782,0.0,0.0,993.6166166494022,33.15713621551028,1750.1735312803135,45.43654294575563,2020.2859320681564,34.003670698571234,0.6054642886809909,0.11743049226709965,0.6054642886809909,0.11743049226709965,0.09658178837500084,0.008456898748360388,0.0015957207008556059,0.001089433189408994,0.0386857848680087,0.014080536211505216,0.0007666666666666667,0.001084230397819373,0.4960840239479554,0.11740686576750499,0.7150721431746945,0.2059159846463731,0.7533269857835401,0.015433307214959951,34.22557722182751,0.6015507481046634
RoundRobin,True,heavy_congested,-660.9193725118432,54.57138368075822,0.017675344055712153,0.00970791601430047,3.0,1.4142135623730951,171.0,16.97056274847714,-1.9430697284872758,1.68105041671389,-572.25,56.21498910433053,-44.0,5.656854249492381,-16.137077945010894,4.027912364379249,-26.69987574368396,1.5711830211213025,0.11065090533878319,0.0952038571332986,0.017675344055712153,0.00970791601430047,0.9300281876968994,0.022511109598377824,0.0522964682473885,0.012803193584077433,1160.1317590717413,573.8089218695894,1647.994619015116,992.4240176999677,1718.9803198158463,1068.6949871931706,0.02445744381228252,0.012809138100851573,0.02445744381228252,0.012809138100851573,0.009734679616934167,0.006753616387702695,3.863272407754665e-05,2.3076387074939793e-05,0.006068371120285337,0.00190136583751446,0.0,0.0,0.5833333333333333,0.11785113019775786,0.546311475409836,0.20691567285540777,0.11649484536082472,0.07046768609762841,76.82900752023029,2.3539503335969125
RoundRobin,True,heavy_normal,-541.8581244702182,39.51801590397433,0.24884762062676175,0.03850337704222554,43.0,2.8284271247461903,131.0,18.384776310850235,-21.044706289881077,0.033691015877171576,-456.0,42.42640687119285,-44.0,5.656854249492381,-13.641238027768342,2.82921333591881,-9.964471134195838,0.2909176442169891,2.7922909816272297,0.3379766819849009,0.24000994859890565,0.033649419035075276,0.7076935831537059,0.04645261261915269,0.0522964682473885,0.012803193584077433,980.8940099439592,62.953609127260876,1734.5694958820186,36.793823442481695,2067.409411702035,254.61951924145282,0.9960933109390504,0.09686160959928636,0.961123653479517,0.07940282770261518,0.16012668627140164,0.0016552244747840583,0.005917124067557825,0.0011770035797319372,0.07673143061763216,0.007669631403050327,0.00023125,4.4194173824159226e-05,0.4755053606192132,0.09489251520952649,0.6161402580918129,0.12737346162736043,0.7994497420737084,0.03706700441144422,28.71091310099746,1.7309090088650108
RoundRobin,True,normal_congested,-119.73965557015359,13.527596371539722,0.2510204081632653,0.008658450381876098,10.5,2.1213203435596424,31.5,7.7781745930520225,-5.232082449523786,1.3722456753720491,-105.75,9.545941546018392,0.0,0.0,-1.2434801031999891,0.6265604412788918,-7.629866307511094,2.0577254469101707,0.1157732900812804,0.07487673803978079,0.2510204081632653,0.008658450381876098,0.7489795918367347,0.00865845038187604,0.0,0.0,990.3959145599172,61.289938000932146,1638.7000947163206,70.76956702905493,1805.2453815245526,124.14102126806783,0.30203085135017305,0.021820560233142248,0.30203085135017305,0.021820560233142248,0.03011541384893847,0.003211396995103961,0.00035171428305054507,0.0003977101612559517,0.01677706582000244,0.011852792542000464,0.0,0.0,0.5991379310344828,0.14020220661457408,0.6041389406441309,0.17447111689111763,0.4458112869249812,0.020999107839497325,90.45748209742094,3.17569851078634
RoundRobin,True,normal_normal,-72.62026795130717,11.208095771494671,0.6204081632653061,0.011544600509168104,26.0,5.656854249492381,16.0,4.242640687119285,-9.932167824453929,3.5861694216473734,-58.5,6.363961030678928,0.0,0.0,-1.3110016269042633,0.7109020368227816,-3.1458200454755954,0.6582192120296808,0.26872154552661254,0.11115592968411062,0.6204081632653061,0.011544600509168104,0.3795918367346939,0.011544600509168104,0.0,0.0,751.7974077869072,112.28963393453955,1403.4303057522466,443.1832146420854,1627.1209480439861,484.74355217834596,1.9217748929860394,0.01938742258799798,1.9217748929860394,0.01938742258799798,0.0615920586951082,0.011323205787394331,0.0009944349295910818,0.0004851212782157757,0.03104699409288746,0.007812693183185034,0.0,0.0,0.8139172749391728,0.010253908554432714,0.8187483386586669,0.1496808255913304,0.8144354295977807,0.09640018784245799,37.570385723510455,1.0194818386094953
RoundRobin,True,variable_congested,-270.59669786194,11.012304651364385,0.10673281360737066,0.04871068684006549,9.0,4.242640687119285,75.0,2.8284271247461903,-5.719530605963998,2.2623381242826612,-246.75,11.667261889578034,0.0,0.0,-4.771684564265495,0.41100890150000857,-13.762782586976167,1.9056000951697916,0.4072998952656578,0.11278969239921675,0.10085046066619419,0.04039178353198849,0.8991495393338058,0.040391783531988454,0.0,0.0,1296.5730990729062,108.46861504285879,1784.0563727498443,96.61626984202425,1859.3803911688785,172.35426310197838,0.14782603053743712,0.0881501766559624,0.13906946311186794,0.07576652024288802,0.03959562888956867,0.018460117116617263,0.0006353731498951003,0.0003605744428424057,0.024671296301956698,0.00730756986639993,0.0,0.0,0.45,0.0,0.44499999999999995,0.06363961030678919,0.36131420078884263,0.10178499144213266,82.02843373887472,12.723878227126617
RoundRobin,True,variable_normal,-181.083130994552,15.330605915998584,0.48270729978738486,0.06705236521811488,40.5,4.949747468305833,43.5,6.363961030678928,-16.776218758402884,0.7748771218841446,-155.25,15.90990257669732,0.0,0.0,-4.4820312308918915,0.4025058473730815,-5.728782956250807,0.3995102493299826,1.1539019509935944,0.19258486314229295,0.48270729978738486,0.06705236521811488,0.5172927002126152,0.06705236521811482,0.0,0.0,832.3330917434514,63.45887333027237,1297.8293772502975,114.76807124940608,1869.2127149543294,196.578887735372,1.6480381909993165,0.08396684861968882,1.6480381909993165,0.08396684861968882,0.11710420552971781,0.004096881870193472,0.004422609105900329,0.003353869648795211,0.06385766965781717,0.0262605076787722,0.0,0.0,0.6694903758857247,0.08094442362008974,0.7541891356579953,0.0830938608938685,0.7746400644265325,0.08969916464119713,34.124752993020735,2.952557299528013
